"model_names","location.fun","scale.fun","shape.fun","AIC","BIC"
"model_02","~area","~1","~1","-28912.1929088485","-26983.7419460297"
"model_03","~1","~area","~1","-31458.0760119971","-29608.6599247036"
"model_04","~1","~1","~area","-26165.7856608316","-24039.7475091994"
"model_05","~area","~area","~1","-20628.8277050842","-18313.1058521911"
"model_07","~1","~area","~area","-46693.086041724","-41295.0040433418"
