"model_names","location.fun","scale.fun","shape.fun","AIC","BIC"
"model_02","~area","~1","~1","-13253.1209648463","-12431.142162441"
"model_03","~1","~area","~1","-12542.5859787611","-11612.4520707761"
"model_04","~1","~1","~area","-14479.3124419444","-12756.0410930421"
"model_05","~area","~area","~1","-15512.5638702171","-14265.1749858652"
"model_07","~1","~area","~area","-14948.9388811222","-12706.5230254376"
