"model_names","location.fun","scale.fun","shape.fun","AIC","BIC"
"model_01","~area","~area","~area","-74078.1636471873","-68608.9502608323"
"model_02","~area","~1","~1","-61467.2830166805","-59894.4889937258"
"model_03","~1","~area","~1","-64843.674320582","-63112.8105465766"
"model_04","~1","~1","~area","-70884.6921307202","-68798.1714168507"
"model_05","~area","~area","~1","-68867.8686387991","-66315.0421593299"
"model_06","~area","~1","~area","-71448.8766274936","-66999.2131354157"
"model_07","~1","~area","~area","-72600.4058257115","-68909.4771386771"
