"model_names","location.fun","scale.fun","shape.fun","AIC","BIC"
"model_02","~area","~1","~1","-16518.5457352211","-14590.0947724023"
"model_03","~1","~area","~1","-16129.5436428263","-14280.1275555329"
"model_04","~1","~1","~area","-15973.1267535603","-13847.0886019281"
"model_05","~area","~area","~1","-16247.0505992729","-13931.3287463798"
"model_07","~1","~area","~area","-14062.9453401363","-8664.86334175417"
