"model_names","location.fun","scale.fun","shape.fun","AIC","BIC"
"model_01","~area","~area","~area","-27198.6762058703","-25086.0464768813"
"model_02","~area","~1","~1","-27028.9641309995","-25846.4683099954"
"model_03","~1","~area","~1","-23832.6912619123","-22830.4539502076"
"model_04","~1","~1","~area","-30056.975532791","-28802.3763080671"
"model_05","~area","~area","~1","-28389.9064851658","-26796.4212629591"
"model_06","~area","~1","~area","-23752.961023648","-21813.3794635864"
"model_07","~1","~area","~area","-36834.9648854098","-34938.6453675801"
