"model_names","location.fun","scale.fun","shape.fun","AIC","BIC"
"model_01","~area","~area","~area","-29269.0920059559","-27206.9346595708"
"model_02","~area","~1","~1","-24634.550421107","-23632.3131094023"
"model_03","~1","~area","~1","-27096.5803957203","-25950.136276576"
"model_04","~1","~1","~area","-30976.3764139288","-29721.7771892049"
"model_05","~area","~area","~1","-27267.8937757332","-25890.7187646857"
"model_06","~area","~1","~area","-26907.7218946969","-24622.0439967804"
"model_07","~1","~area","~area","-26892.3738332588","-25385.4126955157"
