"model_names","location.fun","scale.fun","shape.fun","AIC","BIC"
"model_01","~area","~area","~area","-43279.0236862443","-38805.6497315088"
"model_02","~area","~1","~1","-7206.7877709914","-5673.51118579939"
"model_03","~1","~area","~1","-8913.30584806377","-6945.33744748228"
"model_04","~1","~1","~area","-24005.7693888177","-21642.6266106094"
"model_05","~area","~area","~1","-9235.81422578635","-6019.09479190414"
"model_06","~area","~1","~area","-54357.5641670495","-50287.2680774933"
"model_07","~1","~area","~area","-41607.2132192326","-38200.8100840895"
