"model_names","location.fun","scale.fun","shape.fun","AIC","BIC"
"model_01","~area","~area","~area","-19994.0029254013","-16129.1975122111"
"model_02","~area","~1","~1","-20747.7386142412","-19570.1189689133"
"model_03","~1","~area","~1","-20916.7984423546","-19660.1439215014"
"model_04","~1","~1","~area","-22054.300075612","-20639.5758037081"
"model_05","~area","~area","~1","-20048.5720924376","-18301.9013433271"
"model_06","~area","~1","~area","-20764.304429662","-18306.3198008233"
"model_07","~1","~area","~area","-21346.0548141527","-18888.070185314"
