"model_names","location.fun","scale.fun","shape.fun","AIC","BIC"
"model_01","~area","~area","~area","-4106.8966871961","-242.091274005935"
"model_02","~area","~1","~1","-1535.0989317067","-357.479286378819"
"model_03","~1","~area","~1","-2052.57834490149","-795.923824048242"
"model_04","~1","~1","~area","-3088.98376360232","-1674.25949169836"
"model_05","~area","~area","~1","-2346.4307655869","-599.760016476421"
"model_06","~area","~1","~area","-3253.66214866217","-795.67751982343"
"model_07","~1","~area","~area","-3781.7437690666","-1323.75914022786"
