"model_names","location.fun","scale.fun","shape.fun","AIC","BIC"
"model_01","~object","~object","~object","-31220.1337061621","-29460.8106553999"
"model_02","~object","~1","~1","-23364.5938151201","-22542.6150127149"
"model_03","~1","~object","~1","-23069.7465670841","-22247.7677646788"
"model_04","~1","~1","~object","-32858.2544851113","-31675.7586641072"
"model_05","~object","~object","~1","-28212.0211431923","-26791.584089913"
"model_06","~object","~1","~object","-22473.3171880094","-21442.2385148168"
"model_07","~1","~object","~object","-29398.8558358477","-28151.4669514958"
