"model_names","location.fun","scale.fun","shape.fun","AIC","BIC"
"model_01","~object","~object","~object","-16352.7742429862","-13151.861784209"
"model_02","~object","~1","~1","-19617.0911612489","-18676.5761424971"
"model_03","~1","~object","~1","-22430.6621099292","-21055.4552757879"
"model_04","~1","~1","~object","-22035.0548854939","-20620.3306135899"
"model_05","~object","~object","~1","-20417.014139987","-18480.6596896157"
"model_06","~object","~1","~object","-18011.2098886353","-16264.5391395249"
"model_07","~1","~object","~object","-20480.4431961109","-18401.8259697939"
