"model_names","location.fun","scale.fun","shape.fun","AIC","BIC"
"model_01","~object","~object","~object","-31261.6425304854","-29704.2090101385"
"model_02","~object","~1","~1","-26110.3063169063","-25252.2758126412"
"model_03","~1","~object","~1","-23526.9981294573","-22668.9676251921"
"model_04","~1","~1","~object","-30911.2588225262","-29945.0732126814"
"model_05","~object","~object","~1","-28342.0438311826","-27008.130862367"
"model_06","~object","~1","~object","-22638.8689432497","-21607.7902700571"
"model_07","~1","~object","~object","-26220.7316969182","-24973.3428125663"
