"model_names","location.fun","scale.fun","shape.fun","AIC","BIC"
"model_01","~area","~area","~area","-35172.1301221869","-31860.5688376743"
"model_02","~area","~1","~1","-30922.5637165176","-28915.0778781735"
"model_03","~1","~area","~1","-28319.9816980455","-26431.0481729894"
"model_04","~1","~1","~area","-34090.5979924545","-32557.3214072625"
"model_05","~area","~area","~1","-30395.5591055881","-27890.1535514342"
"model_06","~area","~1","~area","-35684.1209573201","-32894.1898512749"
"model_07","~1","~area","~area","-32929.3516897225","-30376.5252102533"
