"model_names","location.fun","scale.fun","shape.fun","AIC","BIC"
"model_01","~area","~area","~area","-26283.3283940139","-23514.557691175"
"model_02","~area","~1","~1","-20411.2375188111","-19228.741697807"
"model_03","~1","~area","~1","-22929.2210769877","-21710.6735541238"
"model_04","~1","~1","~area","-25064.9079022049","-24026.6188886403"
"model_05","~area","~area","~1","-22376.409802047","-20436.8282419854"
"model_06","~area","~1","~area","-26397.0304044137","-24414.1868021203"
"model_07","~1","~area","~area","-24719.0994479668","-23168.8762679919"
