"model_names","location.fun","scale.fun","shape.fun","AIC","BIC"
"model_01","~area","~area","~area","-3527.36784931396","-215.806564801327"
"model_02","~area","~1","~1","-6297.42766946904","-4289.94183112486"
"model_03","~1","~area","~1","-4968.72520768945","-3079.79168263332"
"model_04","~1","~1","~area","-5533.81423965199","-4000.53765445999"
"model_05","~area","~area","~1","-4559.90522737174","-2054.49967321779"
"model_06","~area","~1","~area","-5842.9862452621","-3053.05513921684"
"model_07","~1","~area","~area","-3360.08289134396","-807.256411874795"
