"model_names","location.fun","scale.fun","shape.fun","AIC","BIC"
"model_01","~area","~area","~area","-24987.2875912528","-22420.4064188292"
"model_02","~area","~1","~1","-16351.8087001091","-15385.6230902643"
"model_03","~1","~area","~1","-22555.1044524753","-21264.4535258915"
"model_04","~1","~1","~area","-24685.9961527266","-23611.6554373021"
"model_05","~area","~area","~1","-21908.5540650086","-20098.7586316426"
"model_06","~area","~1","~area","-26034.6258340455","-24051.7822317521"
"model_07","~1","~area","~area","-24487.7113846134","-22850.9641201748"
