"model_names","location.fun","scale.fun","shape.fun","AIC","BIC"
"model_01","~area","~area","~area","-50620.0758962977","-47529.812263256"
"model_02","~area","~1","~1","-46575.7801367528","-45121.5384270861"
"model_03","~1","~area","~1","-42278.6853327448","-40903.4784986035"
"model_04","~1","~1","~area","-48550.8316958313","-46899.0027973513"
"model_05","~area","~area","~1","-40509.0455334521","-38572.6910830808"
"model_06","~area","~1","~area","-50333.603421975","-47828.197867821"
"model_07","~1","~area","~area","-44916.1653960312","-43027.2318709751"
