"model_names","location.fun","scale.fun","shape.fun","AIC","BIC"
"model_01","~object","~object","~object","11769.7218186225","13529.0448693847"
"model_02","~object","~1","~1","7672.61468135013","8530.64518561529"
"model_03","~1","~object","~1","11833.0351243358","12835.2724360404"
"model_04","~1","~1","~object","12764.9728364573","13803.2618500219"
"model_05","~object","~object","~1","12371.7194110786","13835.4185065897"
"model_06","~object","~1","~object","12426.694329544","13847.1313828233"
"model_07","~1","~object","~object","11370.4023479101","12617.791232262"
