"model_names","location.fun","scale.fun","shape.fun","AIC","BIC"
"model_01","~object","~object","~object","10214.8065577646","11923.6572259229"
"model_02","~object","~1","~1","6612.98976637741","7434.96856878269"
"model_03","~1","~object","~1","8377.76592089477","9343.95153073958"
"model_04","~1","~1","~object","10778.2256793659","11888.6180966503"
"model_05","~object","~object","~1","8332.63615032943","9666.54911914502"
"model_06","~object","~1","~object","10598.0076661589","12061.7067616701"
"model_07","~1","~object","~object","9681.47293749315","10928.861821845"
