"model_names","location.fun","scale.fun","shape.fun","AIC","BIC"
"model_01","~object","~object","~object","11273.477868535","15580.8785846672"
"model_02","~object","~1","~1","8076.81168461961","9570.57083204894"
"model_03","~1","~object","~1","8352.51790585052","9806.75961551716"
"model_04","~1","~1","~object","9446.28242119803","10663.4195042886"
"model_05","~object","~object","~1","8543.60114690684","10669.6392985391"
"model_06","~object","~1","~object","9211.90922358836","11859.577553688"
"model_07","~1","~object","~object","11179.987379514","14112.1812615049"
