"model_names","location.fun","scale.fun","shape.fun","AIC","BIC"
"model_01","~object","~object","~object","5349.44025431146","9656.84097044365"
"model_02","~object","~1","~1","2825.26154401638","4319.0206914457"
"model_03","~1","~object","~1","3043.63524829682","4497.87695796347"
"model_04","~1","~1","~object","2443.31103425892","3660.44811734948"
"model_05","~object","~object","~1","3683.59772494809","5809.63587658031"
"model_06","~object","~1","~object","3973.72809163121","6621.39642173081"
"model_07","~1","~object","~object","4353.86085990479","7286.05474189569"
