"model_names","location.fun","scale.fun","shape.fun","AIC","BIC"
"model_01","~object","~object","~object","15271.2873309264","18472.1997897035"
"model_02","~object","~1","~1","12450.4445085492","13746.6164671652"
"model_03","~1","~object","~1","11800.7108721216","12978.3305174495"
"model_04","~1","~1","~object","12231.6179689197","13646.3422408236"
"model_05","~object","~object","~1","12578.4447526686","14419.9573524095"
"model_06","~object","~1","~object","14944.2100545635","17402.1946834022"
"model_07","~1","~object","~object","13623.1905033826","15796.6495803301"
