"model_names","location.fun","scale.fun","shape.fun","AIC","BIC"
"model_01","~area","~area","~area","9529.15360484635","12045.562394666"
"model_02","~area","~1","~1","7188.28516033861","8010.2639627439"
"model_03","~1","~area","~1","8400.19424103843","9258.22474530359"
"model_04","~1","~1","~area","8573.1104526868","9719.55457183102"
"model_05","~area","~area","~1","8621.84528142484","10215.3305036316"
"model_06","~area","~1","~area","8197.56920397442","9920.84055287673"
"model_07","~1","~area","~area","7743.37387057628","9293.59705055116"
