"model_names","location.fun","scale.fun","shape.fun","AIC","BIC"
"model_01","~area","~area","~area","76728.592322547","80648.722148605"
"model_02","~area","~1","~1","79417.3599332137","80713.5318918296"
"model_03","~1","~area","~1","77067.4856773318","78403.1750737104"
"model_04","~1","~1","~area","77080.6823208623","78613.9589060543"
"model_05","~area","~area","~1","79123.3803543374","81628.7859084914"
"model_06","~area","~1","~area","79390.5492687754","82038.217598875"
"model_07","~1","~area","~area","72814.8140299626","75367.6405094318"
