"model_names","location.fun","scale.fun","shape.fun","AIC","BIC"
"model_01","~area","~area","~area","11368.1768169024","14136.9475197413"
"model_02","~area","~1","~1","7445.69928720948","8303.72979147464"
"model_03","~1","~area","~1","8170.92838310068","9065.01058922573"
"model_04","~1","~1","~area","9537.96752017732","10756.5150430413"
"model_05","~area","~area","~1","9974.0971133692","11654.1064200396"
"model_06","~area","~1","~area","10615.9107125986","12555.4922726601"
"model_07","~1","~area","~area","8940.54465821835","10490.7678381932"
