"model_names","location.fun","scale.fun","shape.fun","AIC","BIC"
"model_01","~area","~area","~area","29974.8799467932","34337.6050757931"
"model_02","~area","~1","~1","11396.9244103813","12614.0614934719"
"model_03","~1","~area","~1","13267.9419454975","14959.2882817402"
"model_04","~1","~1","~area","18650.5177823646","20578.9687451835"
"model_05","~area","~area","~1","14569.643467351","16980.2071708745"
"model_06","~area","~1","~area","28831.5464740642","31621.4775801095"
"model_07","~1","~area","~area","20756.1748668779","23640.9478235535"
