"model_names","location.fun","scale.fun","shape.fun","AIC","BIC"
"model_01","~area","~area","~area","7820.64934969121","11740.7791757491"
"model_02","~area","~1","~1","3430.01257625216","4528.59734605469"
"model_03","~1","~area","~1","4146.17184511109","5481.8612414897"
"model_04","~1","~1","~area","4750.06968018324","6085.75907656184"
"model_05","~area","~area","~1","5275.98398617304","7354.60121249005"
"model_06","~area","~1","~area","5193.18971710431","7224.3860181061"
"model_07","~1","~area","~area","5985.01398279409","8253.31491037196"
