"model_names","location.fun","scale.fun","shape.fun","AIC","BIC"
"model_01","~area","~area","~area","11516.3218932027","13528.0068569841"
"model_02","~area","~1","~1","8141.16083576942","9071.29474375434"
"model_03","~1","~area","~1","6946.87418201604","7768.85298442133"
"model_04","~1","~1","~area","10517.2679226329","11447.4018306179"
"model_05","~area","~area","~1","8320.66263086747","9395.00334629192"
"model_06","~area","~1","~area","10322.2759139872","11569.6647983391"
"model_07","~1","~area","~area","6911.58553492012","7899.40216588085"
