"model_names","location.fun","scale.fun","shape.fun","AIC","BIC"
"model_01","~area","~area","~area","15963.6128099004","19607.1205716196"
"model_02","~area","~1","~1","11460.271767005","12637.8914123329"
"model_03","~1","~area","~1","11933.7416891303","13150.8787722208"
"model_04","~1","~1","~area","13408.4785394011","14902.2376868304"
"model_05","~area","~area","~1","12200.8874187787","13900.137242574"
"model_06","~area","~1","~area","13891.424965702","16207.1468185951"
"model_07","~1","~area","~area","14746.3873085607","17204.3719373994"
