"model_names","location.fun","scale.fun","shape.fun","AIC","BIC"
"model_01","~area","~area","~area","14119.8275868508","16535.2916114629"
"model_02","~area","~1","~1","9222.44122732038","10116.5234334454"
"model_03","~1","~area","~1","10166.072544091","11096.2064520759"
"model_04","~1","~1","~area","12908.234818964","13838.3687269489"
"model_05","~area","~area","~1","9077.41162408538","10195.0143817417"
"model_06","~area","~1","~area","12115.4119495036","13362.8008338554"
"model_07","~1","~area","~area","8471.02655348511","9415.58114221399"
