"model_names","location.fun","scale.fun","shape.fun","AIC","BIC"
"model_01","~area","~area","~area","6375.07170985694","11788.9606833442"
"model_02","~area","~1","~1","2512.44066192655","3769.0951827798"
"model_03","~1","~area","~1","2657.0824686363","3992.77186501491"
"model_04","~1","~1","~area","2975.96163088495","4627.790529365"
"model_05","~area","~area","~1","3199.00612286883","5135.36057324018"
"model_06","~area","~1","~area","4847.67270752603","8159.23399203867"
"model_07","~1","~area","~area","4883.75968471111","8242.74189453896"
