"model_names","location.fun","scale.fun","shape.fun","AIC","BIC"
"model_01","~area","~area","~area","12333.5753033728","17747.4642768601"
"model_02","~area","~1","~1","8238.64480832944","9495.29932918268"
"model_03","~1","~area","~1","8956.99860938655","10292.6880057652"
"model_04","~1","~1","~area","8835.57395280342","10487.4028512835"
"model_05","~area","~area","~1","9114.89087088413","11051.2453212555"
"model_06","~area","~1","~area","9695.25667763119","13006.8179621438"
"model_07","~1","~area","~area","11020.9748055089","14379.9570153367"
