"model_names","location.fun","scale.fun","shape.fun","AIC","BIC"
"model_01","~area","~area","~area","591.105367276686","3779.99649267052"
"model_02","~area","~1","~1","-338.28588204389","776.278006443276"
"model_03","~1","~area","~1","-399.017169899407","676.846583570843"
"model_04","~1","~1","~area","-221.295495067092","1009.36879847082"
"model_05","~area","~area","~1","-300.521773792424","1084.94305981315"
"model_06","~area","~1","~area","246.138997183583","2606.84723321543"
"model_07","~1","~area","~area","235.637177354067","2457.02492732501"
