"model_names","location.fun","scale.fun","shape.fun","AIC","BIC"
"model_01","~object","~object","~object","-36527.9066544157","-33824.9139114484"
"model_02","~object","~1","~1","-31941.3073199129","-30091.8912326194"
"model_03","~1","~object","~1","-28738.8810811675","-27126.5696204502"
"model_04","~1","~1","~object","-38548.3574395075","-36619.9064766887"
"model_05","~object","~object","~1","-32176.3964944974","-29955.5164922347"
"model_06","~object","~1","~object","-38310.6443798403","-35947.501601632"
"model_07","~1","~object","~object","-31276.1159852332","-29387.182460177"
