"model_names","location.fun","scale.fun","shape.fun","AIC","BIC"
"model_01","~object","~object","~object","-52362.226263084","-49991.1799973231"
"model_02","~object","~1","~1","-45774.8293694442","-44083.4830332015"
"model_03","~1","~object","~1","-42959.4457155692","-41584.2388814279"
"model_04","~1","~1","~object","-53029.8668484509","-51417.5553877335"
"model_05","~object","~object","~1","-45326.6696049721","-43390.3151546007"
"model_06","~object","~1","~object","-52503.835976344","-50235.5350487662"
"model_07","~1","~object","~object","-51377.6865486624","-49299.0693223454"
