"model_names","location.fun","scale.fun","shape.fun","AIC","BIC"
"model_01","~object","~object","~object","-27181.5008474315","-24412.7301445927"
"model_02","~object","~1","~1","-24120.2770074514","-22901.7294845874"
"model_03","~1","~object","~1","-25222.1188004512","-23931.4678738675"
"model_04","~1","~1","~object","-27297.1754839462","-25754.1626443433"
"model_05","~object","~object","~1","-23046.6033326762","-21453.1181104695"
"model_06","~object","~1","~object","-26489.7827402626","-24160.8428001143"
"model_07","~1","~object","~object","-25937.1983854284","-23824.5686564394"
