"model_names","location.fun","scale.fun","shape.fun","AIC","BIC"
"model_01","~object","~object","~object","-27645.3477309509","-25179.4113237351"
"model_02","~object","~1","~1","-22413.8184930248","-21303.4260757404"
"model_03","~1","~object","~1","-24524.1495182517","-23269.5502935279"
"model_04","~1","~1","~object","-25584.3004252853","-24149.4426912621"
"model_05","~object","~object","~1","-21599.8812113972","-20136.182115886"
"model_06","~object","~1","~object","-26317.6612255557","-24291.5555810303"
"model_07","~1","~object","~object","-26525.7639790544","-24715.9685456883"
