"model_names","location.fun","scale.fun","shape.fun","AIC","BIC"
"model_01","~object","~object","~object","-2069.15596767502","633.836775292339"
"model_02","~object","~1","~1","-221.922429956618","1627.49365733684"
"model_03","~1","~object","~1","-2135.61587066914","-523.304409951765"
"model_04","~1","~1","~object","-5272.73875321437","-3344.28779039556"
"model_05","~object","~object","~1","-74.7304735392636","2146.14952872339"
"model_06","~object","~1","~object","-987.824684215644","1375.31809399266"
"model_07","~1","~object","~object","-3813.51197969827","-1924.57845464214"
