"model_names","location.fun","scale.fun","shape.fun","AIC","BIC"
"model_01","~object","~object","~object","9191.65367355052","11253.8110199357"
"model_02","~object","~1","~1","7742.1945383109","8672.32844629582"
"model_03","~1","~object","~1","9498.1911503067","10644.6352694509"
"model_04","~1","~1","~object","7940.11332824988","8942.35063995457"
"model_05","~object","~object","~1","8054.55132157149","9431.72633261894"
"model_06","~object","~1","~object","10031.470019374","12014.3136216675"
"model_07","~1","~object","~object","8894.52159956361","10444.7447795385"
