"model_names","location.fun","scale.fun","shape.fun","AIC","BIC"
"model_01","~object","~object","~object","9496.08229335146","11558.2396397367"
"model_02","~object","~1","~1","7733.08818157535","8627.17038770039"
"model_03","~1","~object","~1","8937.24996853062","10011.5906839551"
"model_04","~1","~1","~object","7756.67234257651","8686.80625056144"
"model_05","~object","~object","~1","8201.40113246049","9578.57614350795"
"model_06","~object","~1","~object","9959.56728315008","11812.624758748"
"model_07","~1","~object","~object","9968.5273116833","11648.5366183538"
