"model_names","location.fun","scale.fun","shape.fun","AIC","BIC"
"model_01","~object","~object","~object","6541.03101615742","9465.32141059578"
"model_02","~object","~1","~1","2720.07719379296","3581.5573370194"
"model_03","~1","~object","~1","3471.36558050271","4569.95035030523"
"model_04","~1","~1","~object","3297.8131439082","4277.84560042268"
"model_05","~object","~object","~1","4706.5599120893","6453.23066119979"
"model_06","~object","~1","~object","5702.20858138539","7875.66765833282"
"model_07","~1","~object","~object","5167.49486357542","7198.6911645772"
