"model_names","location.fun","scale.fun","shape.fun","AIC","BIC"
"model_01","~object","~object","~object","17224.8480960167","20149.1384904551"
"model_02","~object","~1","~1","9737.66402010194","10638.6616010911"
"model_03","~1","~object","~1","10480.5545457564","11500.1044400336"
"model_04","~1","~1","~object","18355.5983917919","20125.97960356"
"model_05","~object","~object","~1","13027.9246303567","14632.3326035216"
"model_06","~object","~1","~object","27350.7884802109","29571.6684824736"
"model_07","~1","~object","~object","16709.2171086937","19024.9389615868"
