"model_names","location.fun","scale.fun","shape.fun","AIC","BIC"
"model_01","~object","~object","~object","74340.353783239","77485.9418291484"
"model_02","~object","~1","~1","77447.7600312396","78822.9668653808"
"model_03","~1","~object","~1","76479.9905731411","78092.3020338584"
"model_04","~1","~1","~object","76613.5260647132","77909.6980233292"
"model_05","~object","~object","~1","77725.0415367666","79613.9750618227"
"model_06","~object","~1","~object","76951.4431552241","79931.0579625302"
"model_07","~1","~object","~object","74200.1058973384","76231.3021983402"
