"model_names","location.fun","scale.fun","shape.fun","AIC","BIC"
"model_02","~area","~1","~1","-6359.96453361555","-4708.1356351355"
"model_03","~1","~area","~1","-6619.43827930092","-4888.5745052955"
"model_04","~1","~1","~area","-8231.0947596167","-6460.71354784861"
"model_05","~area","~area","~1","-7876.62876311814","-5371.22320896419"
"model_06","~area","~1","~area","-8081.14203165391","-5717.9992534456"
"model_07","~1","~area","~area","-8906.1607285288","-5879.12499590747"
