"model_names","location.fun","scale.fun","shape.fun","AIC","BIC"
"model_02","~area","~1","~1","-5377.9442309417","-3884.18508351237"
"model_03","~1","~area","~1","-5593.42864832927","-3664.97768551046"
"model_04","~1","~1","~area","-11621.2183492451","-9692.76738642624"
"model_05","~area","~area","~1","-6759.18640024557","-3779.57159293945"
"model_06","~area","~1","~area","-5379.37247891448","-1925.54841845619"
"model_07","~1","~area","~area","-10873.3597326872","-7893.74492538109"
