"model_names","location.fun","scale.fun","shape.fun","AIC","BIC"
"model_02","~area","~1","~1","1774.44965985536","3426.27855833542"
"model_03","~1","~area","~1","666.797870952147","2397.66164495756"
"model_04","~1","~1","~area","2261.28320483979","4031.66441660788"
"model_05","~area","~area","~1","1027.20677996515","3532.6123341191"
"model_06","~area","~1","~area","3012.47634879782","5375.61912700613"
"model_07","~1","~area","~area","2741.36925406046","5768.40498668179"
