"model_names","location.fun","scale.fun","shape.fun","AIC","BIC"
"model_02","~area","~1","~1","-2265.97922713389","-778.727682226463"
"model_03","~1","~area","~1","-2658.3915368138","-1094.47754113795"
"model_04","~1","~1","~area","-2606.30645882409","-850.736336227172"
"model_05","~area","~area","~1","-1896.22485325344","487.977365644556"
"model_07","~1","~area","~area","-2147.75530615853","6.45956043419028"
