"model_names","location.fun","scale.fun","shape.fun","AIC","BIC"
"model_02","~area","~1","~1","-7488.02173024117","-6257.35743670326"
"model_03","~1","~area","~1","-7096.53639955766","-6020.67264608741"
"model_04","~1","~1","~area","-11146.9689993077","-9606.70362563445"
"model_05","~area","~area","~1","-18654.9891773597","-16851.5628855715"
"model_07","~1","~area","~area","-18025.3757796849","-15896.8683537546"
