"model_names","location.fun","scale.fun","shape.fun","AIC","BIC"
"model_02","~area","~1","~1","5418.20468332958","6648.86897686749"
"model_03","~1","~area","~1","4504.09319342213","5579.95694689238"
"model_04","~1","~1","~area","5460.76567324183","7001.03104691507"
"model_05","~area","~area","~1","4658.02412689903","6461.4504186873"
"model_07","~1","~area","~area","5164.25434960924","7292.76177553959"
