"model_names","location.fun","scale.fun","shape.fun","AIC","BIC"
"model_01","~object","~object","~object","10684.1887901563","13493.8185923844"
"model_02","~object","~1","~1","10522.2030058262","11675.4670293303"
"model_03","~1","~object","~1","7310.94334402337","8425.50723251054"
"model_04","~1","~1","~object","7480.38586475906","9175.45177849995"
"model_05","~object","~object","~1","6912.22735648472","8437.01267615119"
"model_06","~object","~1","~object","12054.5028538406","13997.2496316897"
"model_07","~1","~object","~object","9846.14395631618","11742.450572145"
