"model_names","location.fun","scale.fun","shape.fun","AIC","BIC"
"model_01","~object","~object","~object","-19980.3817844579","-17170.7519822298"
"model_02","~object","~1","~1","-8787.88945304504","-7634.62542954096"
"model_03","~1","~object","~1","-7113.6543375638","-5999.09044907663"
"model_04","~1","~1","~object","-12830.6976338577","-11135.6317201168"
"model_05","~object","~object","~1","-17818.0343661088","-16293.2490464423"
"model_06","~object","~1","~object","-17708.4185420895","-15765.6717642403"
"model_07","~1","~object","~object","-9566.69575305781","-7670.38913722895"
