"model_names","location.fun","scale.fun","shape.fun","AIC","BIC"
"model_01","~object","~object","~object","-21718.4930373733","-19342.3047473347"
"model_02","~object","~1","~1","-17016.2214635461","-15592.0564949236"
"model_03","~1","~object","~1","-16467.6686078952","-15353.104719408"
"model_04","~1","~1","~object","-21021.9914086194","-19133.4248197939"
"model_05","~object","~object","~1","-20121.0519174328","-18364.0657876649"
"model_06","~object","~1","~object","-20252.5758143091","-18031.1880643381"
"model_07","~1","~object","~object","-22255.2013678243","-20358.8947519954"
