"model_names","location.fun","scale.fun","shape.fun","AIC","BIC"
"model_01","~object","~object","~object","-5727.37869136814","-2139.19534251674"
"model_02","~object","~1","~1","-6659.77069902359","-5126.49411383158"
"model_03","~1","~object","~1","-5706.3674236144","-4291.64315171044"
"model_04","~1","~1","~object","-10050.1791847465","-8437.8677240291"
"model_05","~object","~object","~1","-11569.4438524475","-8969.19644766314"
"model_06","~object","~1","~object","-13373.4396013837","-10962.8758978602"
"model_07","~1","~object","~object","-6818.42235612702","-4075.91217539698"
