"model_names","location.fun","scale.fun","shape.fun","AIC","BIC"
"model_01","~object","~object","~object","3475.66718296648","7617.09466049542"
"model_02","~object","~1","~1","1756.83847274033","3171.5627446443"
"model_03","~1","~object","~1","323.424744952727","1817.18389238206"
"model_04","~1","~1","~object","1426.47718483983","3433.96302318401"
"model_05","~object","~object","~1","1736.71306539506","3862.75121702728"
"model_06","~object","~1","~object","2130.86317664135","5679.52908773007"
"model_07","~1","~object","~object","748.248832301087","2969.12883456374"
