"model_names","location.fun","scale.fun","shape.fun","AIC","BIC"
"model_01","~object","~object","~object","-7748.47414928691","-3607.04667175798"
"model_02","~object","~1","~1","-7867.85721647003","-6453.13294456606"
"model_03","~1","~object","~1","-7245.03718774977","-5751.27804032044"
"model_04","~1","~1","~object","-8102.64482271978","-6095.1589843756"
"model_05","~object","~object","~1","-8536.63156229733","-6410.59341066511"
"model_06","~object","~1","~object","-13222.2025757639","-9673.5366646752"
"model_07","~1","~object","~object","-8142.23545204763","-5921.35544978498"
