"model_names","location.fun","scale.fun","shape.fun","AIC","BIC"
"model_01","~object","~object","~object","-72558.3916810014","-68693.5862678112"
"model_02","~object","~1","~1","-59248.5907578523","-57478.2095460842"
"model_03","~1","~object","~1","-63641.3717201983","-61752.4381951421"
"model_04","~1","~1","~object","-57052.8978239436","-54847.824796786"
"model_05","~object","~object","~1","-65074.522076524","-62806.2211489461"
"model_06","~object","~1","~object","-59491.4761378224","-56322.1776292554"
"model_07","~1","~object","~object","-62207.2858752548","-59369.9338438943"
