"model_names","location.fun","scale.fun","shape.fun","AIC","BIC"
"model_02","~object","~1","~1","-12128.685771093","-11450.9137761272"
"model_03","~1","~object","~1","-13067.5812559819","-12173.4990498569"
"model_04","~1","~1","~object","-18079.5543536747","-17149.4204456898"
"model_05","~object","~object","~1","-14121.6520627768","-13177.097474048"
"model_06","~object","~1","~object","-16953.5668288491","-15446.6056911061"
"model_07","~1","~object","~object","-13663.9199437916","-12589.5792283672"
