"model_names","location.fun","scale.fun","shape.fun","AIC","BIC"
"model_01","~object","~object","~object","-20384.496990451","-18221.3948788581"
"model_02","~object","~1","~1","-11835.0554370932","-11157.2834421275"
"model_03","~1","~object","~1","-12890.3801687793","-11852.0911552147"
"model_04","~1","~1","~object","-14391.4367722491","-13569.4579698438"
"model_05","~object","~object","~1","-14635.3972410691","-13561.0565256446"
"model_06","~object","~1","~object","-16880.806602609","-15287.3213804022"
"model_07","~1","~object","~object","-14053.7157360502","-12806.3268516983"
