"model_names","location.fun","scale.fun","shape.fun","AIC","BIC"
"model_01","~object","~object","~object","-62864.4301263064","-57782.4876300257"
"model_02","~object","~1","~1","-41962.9402794389","-39560.280063468"
"model_03","~1","~object","~1","-29529.2257879444","-27126.5655719734"
"model_04","~1","~1","~object","-40399.8233404685","-37681.0236223961"
"model_05","~object","~object","~1","-42611.2817537283","-39679.0878717373"
"model_06","~object","~1","~object","-48514.8343494514","-44823.9056624171"
"model_07","~1","~object","~object","-51572.2904296238","-47786.519891959"
